;Contributeur;Entreprise;Ville;Département;Nb licenciés;Twitter;twitter - actionnaires;twitter - MAJ;Source;Source MAJ;Notes
1;régis;Schneider;;;390;https://twitter.com/plans_de/status/1311591678504062976?s=20;;;https://t.co/QYUdTnCgO0?amp=1;;
2;régis;CNB;;;65;https://twitter.com/plans_de/status/1311592017269526533?s=20;https://twitter.com/plans_de/status/1312737137180250113?s=20;;https://www.sudouest.fr/2020/09/16/construction-navale-bordeaux-les-salaries-se-battent-contre-un-plan-social-7851765-2780.php;;
3;régis;Inteva;;;241;https://twitter.com/plans_de/status/1311592329913008128?s=20;https://twitter.com/plans_de/status/1312742915639332865?s=20;;https://www.lefigaro.fr/societes/automobile-la-reprise-d-un-equipementier-en-faillite-par-ses-propres-dirigeants-fait-grincer-des-dents-20200918;;
4;régis;General Electric;;;753;https://twitter.com/plans_de/status/1311593259257532417?s=20;;;https://www.liberation.fr/amphtml/france/2020/09/18/general-electric-a-percu-200-millions-d-euros-d-aides-mais-licencie-quand-meme_1799840?__twitter_impression=true;;
5;régis;Bridgestone;;;863;https://twitter.com/plans_de/status/1311593630952574976?s=20;;https://twitter.com/plans_de/status/1362126996113866752;https://www.lci.fr/population/fermeture-de-bridgestone-combien-d-argent-public-l-usine-avait-elle-touche-2164841.html;https://rapportsdeforce.fr/classes-en-lutte/bridgestone-ferme-sans-tambour-ni-pneus-brules-02169362;
6;régis;Duralex;;;248;https://twitter.com/plans_de/status/1311593917981364225?s=20;https://twitter.com/plans_de/status/1312745401267748864?s=20;;https://www.bfmtv.com/economie/la-verrerie-duralex-placee-en-redressement-judiciaire_AD-202009240291.html;;
7;régis;Latecoere;;;475;https://twitter.com/plans_de/status/1311594223343411200?s=20;https://twitter.com/plans_de/status/1313035828357197830?s=20;;https://t.co/RuQeQnjIv0?amp=1;;
8;régis;SIMRA;;;90;https://twitter.com/plans_de/status/1311594459432390658?s=20;https://twitter.com/plans_de/status/1313042033825796096?s=20;;https://rapportsdeforce.fr/breves/le-bassin-aeronautique-dalbert-menace-par-les-licenciements-05277321;;
9;nico;3A;;;562;https://twitter.com/plans_de/status/1318451134239997952;https://twitter.com/plans_de/status/1313107992318038016;;https://www.courrier-picard.fr/id125469/article/2020-09-07/la-cfdt-appelle-la-greve-chez-le-sous-traitant-aeronautique-3a-meaulte;;
10;régis;Mecafi;Châtellerault;;242;https://twitter.com/plans_de/status/1311595052507029504?s=20;https://twitter.com/plans_de/status/1311930545820049408?s=20;https://twitter.com/plans_de/status/1345417804141498369;https://www.lanouvellerepublique.fr/chatellerault/mecafi-le-p-dg-justifie-le-plan-de-restructuration?utm_medium=Social&utm_source=Twitter&Echobox=1601015545;https://www.lanouvellerepublique.fr/chatellerault/mecafi-a-chatellerault-stephane-le-bihan-quatre-mois-de-combat-en-premiere-ligne;
11;régis;Servier;;;287;https://twitter.com/plans_de/status/1311595295155855360?s=20;;;https://www.usinenouvelle.com/article/le-laboratoire-servier-va-supprimer-287-postes-en-r-d-sur-quatre-sites-en-france.N1010109;;
12;régis;Comatelec;;;101;https://twitter.com/plans_de/status/1311595555810873345?s=20;https://twitter.com/plans_de/status/1313068762728464386?s=20;;https://www.leberry.fr/saint-florent-sur-cher-18400/actualites/licenciements-chez-comatelec-le-bras-de-fer-social-se-poursuit-a-saint-florent-sur-cher_13841119/;;
13;régis;Prafer;;;43;https://twitter.com/plans_de/status/1311595821142437890?s=20;https://twitter.com/plans_de/status/1314565754948325377?s=20;;https://www.republicain-lorrain.fr/economie/2020/09/17/l-avenir-de-prafer-se-dessine-ce-jeudi-a-metz;;
14;régis;Toupargel;;;150;https://twitter.com/plans_de/status/1311596033172963334?s=20;https://twitter.com/plans_de/status/1313101933176123394?s=20;;https://france3-regions.francetvinfo.fr/auvergne-rhone-alpes/rhone/lyon/toupargel-nouveau-plan-social-surprise-force-ouvriere-1879094.html;;
15;régis;Collins Aerospace;;;75;https://twitter.com/plans_de/status/1311596268989353986?s=20;;;https://actu.fr/normandie/saint-marcel_27562/eure-plan-social-chez-collins-aerospace-a-saint-marcel-les-negociations-ont-debute_36474007.html;;
16;régis;Lisi-Creuzet;;;197;https://twitter.com/plans_de/status/1311596529346654208?s=20;;;https://www.sudouest.fr/2020/10/01/lisi-creuzet-le-plan-social-n-est-pas-grave-dans-le-marbre-7909191-3755.php;;
17;régis;Sigfox;;;47;https://twitter.com/plans_de/status/1311596768686215168?s=20;;;https://actu.fr/occitanie/labege_31254/pres-de-toulouse-sigfox-pionnier-de-l-internet-des-objets-annonce-un-plan-social_36472372.html;;
18;régis;Mecachrome;;;306;https://twitter.com/plans_de/status/1311596950123356160?s=20;;;https://www.lanouvellerepublique.fr/amboise/amboise-le-pdg-s-explique-apres-l-annonce-du-plan-de-sauvegarde-a-mecachrome;;
19;régis;ATR;;;186;https://twitter.com/plans_de/status/1311597150887907328?s=20;;;https://toulouse.latribune.fr/entreprises/social/2020-09-30/apres-airbus-atr-reflechit-aussi-a-revenir-sur-certains-acquis-sociaux-858347.html;;
20;régis;Rossignol;;;92;https://twitter.com/plans_de/status/1311597459806838785?s=20;;;https://www.lemonde.fr/emploi/article/2020/10/01/en-supprimant-92-postes-le-groupe-rossignol-veut-limiter-la-casse_6054317_1698637.html;;
21;régis;Manitou;;;63;https://twitter.com/plans_de/status/1311597740233818113?s=20;https://twitter.com/plans_de/status/1326812787750952961?s=20;;https://www.reussir.fr/machinisme/manitou-se-reorganise-et-prevoit-des-licenciements-en-france;;
22;régis;Genfit;;;80;https://twitter.com/plans_de/status/1311597898262609920?s=20;;;https://www.lavoixdunord.fr/872553/article/2020-09-30/la-biotech-lilloise-genfit-mise-en-echec-sur-son-programme-phare-doit-licencier;;
23;régis;Japy;;;100;https://twitter.com/plans_de/status/1311604200837611520?s=20;;;https://www.autoactu.com/actualites/peugeot-japy-sauve-mais-100-emplois-supprimes;;
24;régis;sacem;;;170;https://twitter.com/plans_de/status/1311604674068467712?s=20;;;https://www.autoactu.com/actualites/peugeot-japy-sauve-mais-100-emplois-supprimes;;
25;Laetitia;Elior;France;France;1 888;https://twitter.com/plans_de/status/1311738605254123520?s=20;;;https://www.lefigaro.fr/societes/elior-va-supprimer-1888-postes-en-france-dans-la-restauration-d-entreprise-20201001;;
26;régis;Vertou;Nantes;;37;https://twitter.com/plans_de/status/1311930185743294467?s=20;;;https://www.ouest-france.fr/pays-de-la-loire/nantes-44000/vertou-la-bn-annonce-un-plan-social-6998005;;
27;régis;Auxitrol Weston;Bourges;;124;https://twitter.com/plans_de/status/1311931012465799168?s=20;;;https://www.leberry.fr/bourges-18000/actualites/crise-de-l-aeronautique-124-emplois-menaces-chez-auxitrol-weston-a-bourges_13846391/;;
28;régis;Airbus;France;;5 000;https://twitter.com/plans_de/status/1311931545792524294?s=20;;;https://www.20minutes.fr/economie/2861431-20200914-airbus-departs-volontaires-insuffisants-estime-pdg-courrier-salaries;;
29;régis;Boiron;France;;566;https://twitter.com/plans_de/status/1329347634159628288?s=20;;;https://www.lexpress.fr/actualites/1/societe/licenciements-chez-boiron-les-salaries-denoncent-le-pretexte-du-deremboursement-de-l-homeopathie_2134719.html;;
30;régis;Siemens;Le Havre;;295;https://twitter.com/plans_de/status/1311937312377507842?s=20;;;https://www.20minutes.fr/economie/2874879-20201001-havre-295-postes-menaces-usine-siemens-appel-lance-edouard-philippe;;
31;régis;Bricomarché;Niort;;10;https://twitter.com/plans_de/status/1311939255925714944?s=20;;;https://www.lanouvellerepublique.fr/niort/licencies-et-livres-a-eux-memes;;
32;régis;Air France;France ;France;7 580;https://twitter.com/plans_de/status/1311942699654803456?s=20;;https://twitter.com/plans_de/status/1362106292727406599;https://www.lefigaro.fr/societes/air-france-active-son-plan-de-suppression-de-postes-20200826;https://www.air-journal.fr/2021-02-17-emploi-le-pse-de-hop-ne-passe-pas-5226046.html;
33;régis;Fibre excellence;tarascon;;270;https://twitter.com/plans_de/status/1312024892989075466?s=20;https://twitter.com/plans_de/status/1314185302307725313?s=20;;http://www.leboisinternational.com/tarascon-reprise-du-travail-a-la-papeterie-fibre-excellence/;;
34;régis;Radio France;France;;340;https://twitter.com/plans_de/status/1312364386019835904?s=20;;;https://www.telerama.fr/radio/plan-social-a-radio-france-les-syndicats-signent-laccord-propose-par-la-direction-6707825.php;;
35;régis;Alinea;;Bouches du Rhone;992;https://twitter.com/plans_de/status/1312365112922124289?s=20;;;https://www.20minutes.fr/economie/2861395-20200914-bouches-rhone-licenciement-massif-chez-alinea-apres-confinement-salaries-denoncent-effet-aubaine;;
36;régis;verrerie d'albi;France;Albi;25;https://twitter.com/plans_de/status/1312366060998479872?s=20;https://twitter.com/plans_de/status/1313474288968663043?s=20;;https://www.francebleu.fr/infos/societe/verrerie-d-albi-une-manifestation-pour-denoncer-les-suppressions-d-emplois-imputes-au-covid-1601660648;;
37;régis;Stelia;Albert;picardie;290;https://twitter.com/plans_de/status/1312367906764840960?s=20;https://twitter.com/plans_de/status/1313443079114895360?s=20;https://twitter.com/plans_de/status/1354700868726173696?s=20;https://premium.courrier-picard.fr/id127560/article/2020-09-20/meaulte-stelia-aerospace-evoque-les-negociations-du-plan-de-sauvegarde-lemploi;https://www.ouest-france.fr/pays-de-la-loire/saint-nazaire-44600/chez-stelia-aero-a-saint-nazaire-201-licenciements-evites-par-un-accord-7133085;
38;nico;Thales;France;;1 000;https://twitter.com/plans_de/status/1312487687404699648?s=20;https://twitter.com/plans_de/status/1313564600911171587;;https://www.lamarseillaise.fr/social/exclusif-thales-va-supprimer-1000-postes-en-france-II4802219;;
39;régis;Rosieres;Lunery;Berry;72;https://twitter.com/plans_de/status/1312488551251021824?s=20;https://twitter.com/plans_de/status/1313452221380595713?s=20;;https://www.leberry.fr/lunery-18400/actualites/72-suppressions-de-postes-annoncees-a-l-usine-de-production-rosieres-a-lunery_13809654/;;
40;régis;Auchan;France;;1 975;https://twitter.com/plans_de/status/1312719767397175296?s=20;https://twitter.com/plans_de/status/1314163996564611073?s=20;;https://www.lavoixdunord.fr/862494/article/2020-09-09/suppression-de-1-088-emplois-chez-auchan;;
41;régis;Top Office;Nimes;Nimes;105;https://twitter.com/plans_de/status/1312720228938387459?s=20;https://twitter.com/plans_de/status/1314187928625713153?s=20;https://twitter.com/plans_de/status/1368549837097078788;https://www.midilibre.fr/2020/10/03/nimes-les-elus-communistes-et-la-cgt-soutiennent-les-salaries-de-top-office-9114841.php;https://www.20minutes.fr/economie/2989399-20210302-lille-justice-annule-licenciements-chez-top-office;https://www.lamarseillaise.fr/france/les-plans-de-licenciements-continuent-de-pleuvoir-XH4900819
42;régis;PicWicToys;France;France;447;https://twitter.com/plans_de/status/1312721602480611328?s=20;;;https://www.lsa-conso.fr/picwictoys-annonce-la-fermeture-de-23-magasins,350599;;
43;régis;nokia;France;France;1 233;https://twitter.com/plans_de/status/1312732630090223617?s=20;https://twitter.com/plans_de/status/1313460467914940417?s=20;;https://www.letelegramme.fr/economie/nokia-va-supprimer-1-233-postes-dont-402-a-lannion-22-06-2020-12569998.php;;
44;régis;NextRadioTV;France;;245;https://twitter.com/plans_de/status/1313030761545633792?s=20;;;https://www.lemonde.fr/economie/article/2020/09/16/nextradiotv-reduit-un-peu-l-ampleur-de-son-plan-de-departs_6052471_3234.html;;
45;régis;TUI France;France;;583;https://twitter.com/plans_de/status/1313032312490164225?s=20;;;https://rapportsdeforce.fr/classes-en-lutte/licenciements-une-greve-a-tui-france-pour-partir-dignement-09087903;;
46;régis;ExxonMobil;France;;200;https://twitter.com/plans_de/status/1313376181610315777?s=20;;;https://actu.fr/normandie/port-jerome-sur-seine_76476/exxonmobil-supprime-190-a-240-postes-en-france-et-ferme-une-unite-a-granvenchon_36582366.html;;
47;régis;spherea;Toulouse;Haute garonne;90;https://twitter.com/plans_de/status/1313377782097903617?s=20;;;https://www.ladepeche.fr/2020/09/11/spherea-va-supprimer-90-postes-et-fermer-son-site-a-paris-9063030.php;;
48;régis;sogeclair;Blagnac;Haute garonne;245;https://twitter.com/plans_de/status/1313378167504109569?s=20;;;https://investir.lesechos.fr/actions/actualites/plan-social-chez-sogeclair-aerospace-jusqu-a-245-salaries-impactes-en-france-1916394.php;;
49;régis;CMT;Colomiers;Haute garonne;140;https://twitter.com/plans_de/status/1313378902103019525?s=20;;;https://www.ladepeche.fr/2020/06/02/cmt-lance-un-plan-social-140-emplois-menaces,8913003.php;;
50;régis;Figeac Aero;Figeac;;320;https://twitter.com/plans_de/status/1313379706742464514?s=20;;;https://www.ladepeche.fr/2020/08/27/figeac-aero-annonce-un-plan-de-reorganisation-qui-prevoit-la-suppression-de-320-postes-sur-son-site-historique-9037118.php;;
51;nico;Verallia;Chateaubernard;;80;https://twitter.com/plans_de/status/1313475799866060801;;;https://www.sudouest.fr/2020/10/05/cognac-la-cgt-verallia-interpelle-le-ministre-bruno-le-maire-7925848-882.php;;Déja documenté (M. Renahy, CGT)
52;nico;cristal union;Erstein;Alsace;70;https://twitter.com/plans_de/status/1313476009136619523;;;https://www.lemonde.fr/economie/article/2020/10/05/l-usine-du-sucrier-cristal-union-a-erstein-en-alsace-est-en-sursis_6054796_3234.html;;
53;régs;Astronics PGA;Montierchaume;Indre;59;https://twitter.com/plans_de/status/1313751863637037056?s=20;;;https://www.lanouvellerepublique.fr/indre/indre-avec-59-licenciements-pga-attenue-son-plan-social;;
54;régis;Blizzard;Versailles;;250;https://twitter.com/plans_de/status/1313752963425460224?s=20;https://twitter.com/plans_de/status/1313756790195138561;;https://www.gamekult.com/actualite/activision-ferme-les-locaux-de-blizzard-a-versailles-3050832289.html;;
55;régis;Aequs;Aubigny-sur-Nère;;27;https://twitter.com/plans_de/status/1313753479987499008?s=20;;;https://www.leberry.fr/aubigny-sur-nere-18700/actualites/reprise-du-site-aequs-aeropace-a-aubigny-sur-nere-par-le-groupe-filec-27-licenciements_13848706/#refresh;;
56;régis;Cargill;Haubourdin;;186;https://twitter.com/plans_de/status/1313754417750052864?s=20;;;https://www.bfmtv.com/economie/emploi-les-salaries-de-cargill-a-haubourdin-nord-demandent-l-annulation-du-plan-social_AD-202009290254.html;;
57;nico;BT2i;france ;occitannie;96;https://twitter.com/plans_de/status/1313822163246501889?s=20;;;https://www.revolutionpermanente.fr/EXCLU-2-fermetures-d-usines-annoncees-dans-l-aeronautique;;
58;delph;Eolane;Montceau-les-Mines;bourgogne franche comté;77;https://twitter.com/plans_de/status/1313822417874235393;;;https://france3-regions.francetvinfo.fr/bourgogne-franche-comte/saone-et-loire/chalon-sur-saone/eolane-sort-77-salaries-suspendu-decision-du-tribunal-commerce-chalon-1876562.html;;
59;delph;Sealants Europe;Beson;VAL-D'OISE;209;https://twitter.com/plans_de/status/1313821563532214272;;;https://www.usinenouvelle.com/article/ppg-sealants-europe-fermera-son-usine-de-bezons-en-juin-2021.N1013429;;
60;régis;MAEC;Cahors;Lot;83;https://twitter.com/plans_de/status/1314100812273127425?s=20;https://twitter.com/plans_de/status/1314104137924202499?s=20;;https://www.ladepeche.fr/2020/10/07/nouveau-debrayage-a-la-maec-a-cahors-contre-le-plan-social-et-les-83-emplois-menaces-9123764.php;;
61;régs;Leach;France;;79;https://twitter.com/plans_de/status/1314105651002511360?s=20;https://twitter.com/plans_de/status/1314108300443766784?s=20;;https://www.lanouvellerepublique.fr/niort/vingt-huit-emplois-niortais-supprimes-chez-leach;;
62;régis;Le Figaro;France;;60;https://twitter.com/plans_de/status/1314474566295707648?s=20;;;https://actu.orange.fr/societe/media/le-figaro-veut-supprimer-60-postes-CNT000001tWpHk.html;;
63;régis;SKF;Rouvignies;;30;https://twitter.com/plans_de/status/1314475137203351552?s=20;;;https://www.lavoixdunord.fr/876518/article/2020-10-09/skf-rouvignies-dans-le-rouge-postes-supprimer-intersyndicale-en-alerte;;
64;régis;Radisson Blu;Cannes;;56;https://twitter.com/plans_de/status/1314475907797716992?s=20;;;https://www.nicematin.com/vie-locale/un-plan-de-licenciements-en-perspective-a-lhotel-radisson-blu-a-cannes-584716;;
65;nico;Baker Hughes;Condé-en-Normandie;Clavados;58;https://twitter.com/plans_de/status/1314980388318609409;;;https://www.ouest-france.fr/normandie/conde-en-normandie-14110/normandie-plan-social-chez-baker-hughes-58-emplois-en-danger-sur-le-site-de-conde-en-normandie-7008148;;
66;nico;Daher;France ;;679;https://twitter.com/plans_de/status/1314980700500754434;https://twitter.com/plans_de/status/1315995732147658752;;https://www.sudouest.fr/2020/10/09/coronavirus-le-plan-social-de-daher-epargne-finalement-pres-de-600-emplois-7944208-10861.php;;
67;nico;FerroPem;France ;Isère;;https://twitter.com/plans_de/status/1314981150767689738;https://twitter.com/plans_de/status/1319020006915584002;;https://france3-regions.francetvinfo.fr/auvergne-rhone-alpes/savoie/ferropem-annonce-plan-restructuration-isere-savoie-syndicats-craignent-licenciements-1882022.html;;
68;nico;Renault;France;;1 900;https://twitter.com/plans_de/status/1314981429764411392;;;https://actu.fr/ile-de-france/lardy_91330/essonne-la-cgt-du-site-de-renault-a-lardy-inquiete-face-aux-suppressions-d-emplois-a-venir_36676674.html;;https://pro.largus.fr/actualites/plan-social-renault-vers-la-supression-de-1-900-fonctions-globales-10458396.html
69;nico;Hutchinson;Joué-les-tours;;97;https://twitter.com/plans_de/status/1314981767640743936;;;https://www.lanouvellerepublique.fr/indre-et-loire/commune/joue-les-tours/joue-les-tours-une-action-du-parti-communiste-devant-hutchinson;;
70;nico;Saint Louis;Nassandres;Eure;30;https://twitter.com/plans_de/status/1314982088605601792;;;https://actu.fr/normandie/nassandres-sur-risle_27425/sucrerie-de-nassandres-fermeture-du-site-en-fevrier-2021_36681371.html;;
71;nico;Aquarese;Douvrin;;20;https://twitter.com/plans_de/status/1314982345611653121;;;https://www.lavenirdelartois.fr/96749/article/2020-10-09/douvrin-en-difficulte-aquarese-licencie-20-employes;;
72;nico;Essilor;Allonnes;Sarthe;56;https://twitter.com/plans_de/status/1314982549693890562;;;https://france3-regions.francetvinfo.fr/pays-de-la-loire/sarthe/sarthe-fermeture-annoncee-essilor-allonnes-1882578.html;;
73;nico;Distripac;Somain;Nord;8;https://twitter.com/plans_de/status/1315401205997277184?s=20;;;https://www.lavoixdunord.fr/877308/article/2020-10-11/somain-la-societe-distripac-taille-dans-ses-effectifs;;
74;régis;Abrisud;L'isle Jourdain;Haute garonne;9;https://twitter.com/plans_de/status/1315924102411026432?s=20;;;https://www.ladepeche.fr/2020/10/13/neuf-licenciements-prevus-chez-abrisud-9134962.php;;
75;régis;ESI Group;France;;9;https://twitter.com/plans_de/status/1315924591408185344?s=20;;;https://www.lamarseillaise.fr/accueil/un-geant-de-l-informatique-va-licencier-a-aix-en-provence-JL4926568;;
76;régis;DFDS;;Nord;142;https://twitter.com/plans_de/status/1315925694103400453?s=20;;;https://www.lavoixdunord.fr/878049/article/2020-10-12/calais-face-au-plan-social-la-colere-monte-chez-les-representants-du-personnel;;
77;régis;RATP;Paris;Ile de France;100;https://twitter.com/plans_de/status/1315926311228055552?s=20;;;https://www.humanite.fr/transports-la-ratp-au-diapason-des-plans-sociaux-694839;;
78;régis;PCC;Ogeu;;124;https://twitter.com/plans_de/status/1315927484005744640?s=20;;;https://www.larepubliquedespyrenees.fr/2020/10/09/ogeu-a-pcc-jusqu-a-124-salaries-concernes-par-une-nouvelle-rupture-conventionnelle,2745120.php;;
79;nico;Artus Meggitt;Avrillé;;23;https://twitter.com/plans_de/status/1316005880064815105;;;https://www.ouest-france.fr/pays-de-la-loire/angers-49000/pres-d-angers-un-plan-social-a-artus-meggitt-a-avrille-prevoit-23-licenciements-7012669;;
80;régis;Petit Navire;Douarnenez;;7;https://twitter.com/plans_de/status/1316277292071555073?s=20;;;https://www.letelegramme.fr/bretagne/licenciements-en-vue-chez-petit-navire-rencontre-syndicats-direction-ce-mercredi-a-douarnenez-video-13-10-2020-12637650.php;;
81;nico;Solystic;Alixan;;85;https://twitter.com/plans_de/status/1316369614184632321;;;https://www.ledauphine.com/economie/2020/10/14/85-postes-menaces-a-solystic-le-plan-social-est-signe;;
82;régis;Serena;Angers;;13;https://twitter.com/plans_de/status/1316647107986624512?s=20;;;https://www.ouest-france.fr/pays-de-la-loire/angers-49000/angers-un-debrayage-chez-serena-ou-13-salaries-doivent-etre-licencies-e64914be-0e11-11eb-8368-80832aa050d1;;
83;régis;Signify;Miribel;;17;https://twitter.com/plans_de/status/1316649170707546113?s=20;;;https://www.leprogres.fr/social/2020/10/14/signify-17-emplois-menaces-par-un-troisieme-plan-social;;
84;régis;Toray;Lacq/Abidos;;29;https://twitter.com/plans_de/status/1318446235955712001?s=20;;;https://france3-regions.francetvinfo.fr/nouvelle-aquitaine/pyrenees-atlantiques/pau/bassin-lacq-cgt-accuse-toray-industries-profiter-crise-sanitaire-supprimer-postes-1885972.html;;
85;régis;Deshors moulage;Brive;;47;https://twitter.com/plans_de/status/1318446946546307072?s=20;;;https://www.francebleu.fr/infos/economie-social/dernieres-heures-de-travail-a-brive-pour-les-47-licencies-de-deshors-moulage-1603122546;;
86;régis;Meubles Demeyere;Pérenchies;;30;https://twitter.com/plans_de/status/1318447962603855872?s=20;;;https://www.lavoixdunord.fr/880453/article/2020-10-17/metropole-lilloise-la-production-nouveau-l-arret-ce-lundi-aux-meubles-demeyere;;
87;régis;Camaïeu;France;;460;https://twitter.com/plans_de/status/1318449739004858369?s=20;;;https://www.lemonde.fr/economie/article/2020/08/17/le-repreneur-d-une-partie-des-magasins-de-camaieu-connu-lundi_6049103_3234.html;;
88;régis;Chaussures André;France;;188;https://twitter.com/plans_de/status/1318450144107548672?s=20;;;https://www.leparisien.fr/economie/chaussures-andre-l-offre-de-reprise-validee-221-emplois-et-55-magasins-sauves-28-07-2020-8360160.php;;
89;régis;Lord;Pont-de-l’Isère;;8;https://twitter.com/plans_de/status/1318461404089880576?s=20;;;https://www.ledauphine.com/economie/2020/10/15/licenciements-et-chomage-partiel-chez-un-sous-traitant-de-boeing;;
90;régis;Chevron;Gonfreville l’Orcher;;78;https://twitter.com/plans_de/status/1318462324911505410?s=20;;;https://actu.fr/normandie/gonfreville-l-orcher_76305/pres-du-havre-78-postes-supprimes-chez-chevron-la-cgt-refuse-le-plan-de-transformation_36880916.html;;
91;régis;Aeroport de Lorient;Lorient;;12;https://twitter.com/plans_de/status/1318463565951619074?s=20;;;https://www.letelegramme.fr/economie/l-aeroport-de-lorient-bretagne-sud-aux-portes-de-la-fermeture-19-10-2020-12641781.php;;
92;nico;Ascometal;Leffrinckoucke;Nord;69;https://twitter.com/plans_de/status/1318488106203570178;;;https://www.usinenouvelle.com/article/ascometal-va-supprimer-69-postes-a-leffrinckoucke.N1017989;;
93;nico;Alten Sud-Ouest;France;;;https://twitter.com/plans_de/status/1318488380410335232;;;https://www.mediacites.fr/enquete/toulouse/2020/10/19/aeronautique-le-plan-social-dalten-sud-ouest-qui-ne-dit-pas-son-nom/;;
94;régis;Accor;France;;400;https://twitter.com/plans_de/status/1318852864744345600?s=20;;https://twitter.com/plans_de/status/1349628153703133186?s=20;https://www.lesechos.fr/industrie-services/tourisme-transport/accor-supprime-300-a-400-postes-en-france-1257351;https://www.force-ouvriere.fr/accorinvest-soigne-sa-tresorerie-et-prevoit-une-saignee-sociale;
95;régis;Dellalui Overall;Besançon;;22;https://twitter.com/plans_de/status/1318853748605812737?s=20;;;https://france3-regions.francetvinfo.fr/bourgogne-franche-comte/doubs/besancon/besancon-18-licenciements-entreprises-textiles-dellalui-overall-1886490.html;;
96;nico;UPM;Chapelle-Darblay;Seine-Maritime;230;https://twitter.com/plans_de/status/1319247172857139200;;;https://actu.fr/normandie/rouen_76540/pres-de-rouen-les-230-salaries-de-la-chapelle-darblay-licencies-mais-l-usine-conservee_34299907.html;;
97;nico;Technicolor;Cesso-Sévigné;Ille-et-villaine;110;https://twitter.com/plans_de/status/1319581537352941568;;;https://www.lemonde.fr/economie/article/2020/10/15/les-salaries-de-technicolor-interpellent-l-etat-sur-les-licenciements_6056129_3234.html;;
98;nico;Selecta;France;;492;https://twitter.com/plans_de/status/1319582801352708101;;;https://www.force-ouvriere.fr/plan-de-licenciement-chez-selecta-france;;
99;delph;Maxam;Mazingarbe;nord;74;https://twitter.com/plans_de/status/1319601895917391876;;;https://www.lavoixdunord.fr/881754/article/2020-10-20/avec-le-sentiment-d-etre-abandonnes-les-salaries-de-maxam-mazingarbe-jouent-leur;;
100;nico;Coca-Cola;Issy-les-moulineaux/ Les Ulis;;46;https://twitter.com/plans_de/status/1319948260342157312;;;https://www.usinenouvelle.com/article/l-embouteilleur-de-coca-cola-en-france-veut-vendre-une-activite-a-dunkerque-et-ferme-un-site-aux-ulis.N1016054;;
101;nico;Lauak;Asparren/L'isle-jourdain;;200;https://twitter.com/plans_de/status/1319948500893839360;;;https://www.usinenouvelle.com/article/lauak-va-licencier-200-personnes-a-hasparren-et-l-isle-jourdain.N1019989;;
102;nico;Mersen;Yverdon;;17;https://twitter.com/plans_de/status/1320316157254053888;;;https://www.24heures.ch/la-hache-de-guerre-est-enterree-chez-leclanche-capacitors-318663661954;;
103;nico;Man;Saint-Nazaire;;75;https://twitter.com/plans_de/status/1320316339601498114;;;https://www.ouest-france.fr/pays-de-la-loire/saint-nazaire-44600/saint-nazaire-chomage-partiel-nouveau-coup-dur-chez-man-7028202;;
104;régis;Sodexo;;;2 083;https://twitter.com/plans_de/status/1321442148223537153?s=20;https://twitter.com/plans_de/status/1322651996483145728;;https://www.capital.fr/entreprises-marches/sodexo-annonce-un-vaste-plan-social-1384327;;
105;régis;Sonoco;Cernay;;40;https://twitter.com/plans_de/status/1321442554253103105?s=20;;;https://www.dna.fr/social/2020/10/28/video-fermeture-de-l-usine-sonoco-alcore-de-cernay-40-personnes-bientot-licenciees;;
106;régis;Verescence;Albert;;70;https://twitter.com/plans_de/status/1321442988896227334?s=20;;;https://france3-regions.francetvinfo.fr/hauts-de-france/somme/mers-bains-plan-social-annonce-verescence-direction-rencontre-syndicats-1888754.html;;
107;nico;Le Quotidien;;La Réunion;30;https://twitter.com/plans_de/status/1321513243035103232;;;http://www.ipreunion.com/actualites-reunion/reportage/2020/10/26/plan-de-suppressions-d-emplois-debrayage-au-journal-le-quotidien,126331.html;;
108;nico;Lorraine Airport;;Lorraine;22;https://twitter.com/plans_de/status/1321513475395461128;;;https://france3-regions.francetvinfo.fr/grand-est/metz-au-moins-22-suppressions-emplois-envisagees-aeroport-metz-nancy-lorraine-1888556.html;;
109;nico;Celio;France;;383;https://twitter.com/plans_de/status/1321751313181515777;;;https://www.ladepeche.fr/2020/10/28/crise-sanitaire-celio-va-fermer-plus-de-100-magasins-en-france-383-emplois-menaces-9168869.php;;
110;nico;L'Equipe;France;;56;https://twitter.com/plans_de/status/1321751626122694656;;;https://www.lalettrea.fr/medias_presse-ecrite/2020/10/29/l-equipe-se-dirige-vers-un-plan-social-d-envergure,109617646-ar1;;
111;nico;Jtekt;Irigny;Nord;219;https://twitter.com/plans_de/status/1322112990519435266;;;https://www.leprogres.fr/social/2020/10/28/le-patron-du-pcf-apporte-son-soutien-aux-salaries-de-jtekt;;
112;nico;Cooptalis;Marcq-en-Baroeul;Nord;56;https://twitter.com/plans_de/status/1322473471478255617;;;https://www.lavoixdunord.fr/886546/article/2020-10-30/marcq-en-baroeul-cooptalis-projette-de-supprimer-56-postes-en-france;;
113;nico;Unisys;France;;89;https://twitter.com/plans_de/status/1322485342553939968;;;https://www.lemondeinformatique.fr/actualites/lire-unisys-reduit-50-des-effectifs-de-sa-filiale-francaise-80880.html;;
114;nico;Nowy Steel;;;124;https://twitter.com/plans_de/status/1322533814879637507;;;https://www.ouest-france.fr/nouvelle-aquitaine/bressuire-79300/bressuire-tribunal-de-commerce-124-licenciements-a-nowy-steel-majencia-dont-34-a-bressuire-bacfbd80-1a08-11eb-83df-3641fdf549b4;;
115;nico;Hippocampe;France;;90;https://twitter.com/plans_de/status/1323210565658050560;;;https://www.lejdc.fr/sermoise-sur-loire-58000/actualites/l-entreprise-normande-hippocampe-cesse-son-activite-17-emplois-supprimes-a-sermoise-sur-loire_13868362/;;
116;régis;Micro Mécanique Pyrénéenne;Gurmençon;;9;https://twitter.com/plans_de/status/1324343293510098946?s=20;;;https://www.larepubliquedespyrenees.fr/2020/11/04/micro-mecanique-pyreneenne-une-restructuration-prevoit-9-licenciements,2754744.php;;
117;régis;Akka;Blagnac;;1 150;https://twitter.com/plans_de/status/1324343840850006018?s=20;;;https://france3-regions.francetvinfo.fr/occitanie/haute-garonne/toulouse/aeronautique-1150-postes-menaces-akka-technologies-blagnac-1891136.html;;
118;régis;kidiliz;France;;1 000;https://twitter.com/plans_de/status/1324344307491418113?s=20;;;https://www.lessor42.fr/kidiliz-la-fermeture-des-sites-de-saint-chamond-et-du-site-de-rillieux-la-pape-se-precise-25800.html;;
119;régis;nespoli;France;;42;https://twitter.com/plans_de/status/1324344747117391873?s=20;;;https://www.aisnenouvelle.fr/id138167/article/2020-11-04/nespoli-france-licencie-42-salaries-le-site-de-la-capelle-est-touche-par-le-pse;;
120;nico;BarbotCM;Descartes;;44;https://twitter.com/plans_de/status/1324654873829429248;;;https://www.lanouvellerepublique.fr/indre-et-loire/commune/descartes/44-licenciements-a-barbot-cm-a-descartes;;
121;anton;Total;Grandpuits;Seine et Marne;700;https://twitter.com/plans_de/status/1362116018089426945;;https://twitter.com/plans_de/status/1362121058875281408;https://www.bfmtv.com/economie/entreprises/reconversion-du-site-total-de-grandpuits-l-intersyndicale-vote-un-nouvelle-greve_AD-202012090378.html;https://www.bastamag.net/Fin-de-la-greve-des-raffineurs-de-Grandpuits-mais-pas-de-la-lutte-ils-s-allient-aux-ecologistes-face-au-projet-de-casse-sociale-de-Total;
122;régis;La Provence;;;18;https://twitter.com/plans_de/status/1324658548601663488?s=20;;;https://www.lemonde.fr/economie/article/2020/11/05/la-provence-prevoit-18-licenciements-economiques_6058654_3234.html;;
123;régis;Reims Events;Reims;;8;https://twitter.com/plans_de/status/1325424283057876992?s=20;;;https://abonne.lunion.fr/id204865/article/2020-11-06/quasiment-larret-reims-events-licencie-20-de-ses-salaries;;
124;régis;Société Générale;;;640;https://twitter.com/plans_de/status/1325715173466918915?s=20;;;https://www.francetvinfo.fr/economie/emploi/plans-sociaux/plombee-par-le-covid-19-la-societe-generale-annonce-la-suppression-nette-de-640-postes-en-france_4174405.html;;
125;régis;repetto;Saint-médard-d'excideuil;dordogne;51;https://twitter.com/plans_de/status/1329346858095874051?s=20;;;https://www.sudouest.fr/2020/11/10/31-emplois-menaces-de-suppression-chez-repetto-en-dordogne-8062884-5458.php;;PSE invalidé : https://twitter.com/plans_de/status/1351438752565121024?s=20
126;régis;camus;;;29;https://twitter.com/plans_de/status/1326506442451546112?s=20;;;https://www.charentelibre.fr/2020/11/10/cognac-camus-va-licencier,3671236.php;;
127;régis;printemps;;;428;https://twitter.com/plans_de/status/1326506712313044992?s=20;;;https://www.lemonde.fr/economie/article/2020/11/10/le-printemps-ferme-sept-magasins_6059271_3234.html;;
128;régis;RKS Slewing Bearings;Avallon;Yonne;141;https://twitter.com/plans_de/status/1327965834707406848?s=20;;;https://www.force-ouvriere.fr/rks-avallon-fo-exige-le-maintien-du-site-et-de-ses-emplois;;
129;régis;Dietal;Saint-Georges-de-Mons;Puy-de-dôme;140;https://twitter.com/plans_de/status/1329348066537828354?s=20;;;https://www.radioscoop.com/infos/puy-de-dome-l-entreprise-dietal-placee-en-redressement-judiciaire_201394;;
130;régis;Geismar;Colmar;;49;https://twitter.com/plans_de/status/1329348471942471681?s=20;;;https://www.lalsace.fr/social/2020/11/17/geismar-sas-a-colmar-vers-un-debrayage;;
131;régis;Calcia;Gargenville;;162;https://twitter.com/plans_de/status/1329348943281606658?s=20;;;https://www.lemoniteur.fr/article/ciments-calcia-des-investissements-et-des-licenciements.2116349;;
132;régis;Qualipac;;;40;https://twitter.com/plans_de/status/1329349596074684418?s=20;;;https://www.lamontagne.fr/aurillac-15000/actualites/quarante-licenciements-annonces-chez-qualipac-aurillac-cantal-le-covid-nexplique-pas-tout-pour-les-syndicats_13879409/;;
133;régis;Suffixe;Rioz;;6;https://twitter.com/plans_de/status/1329349917119303680?s=20;;;https://www.estrepublicain.fr/social/2020/11/17/six-licenciements-economiques-au-sein-de-l-entreprise-de-rioz-suffixe;;
134;régis;Vallourec;;;350; https://twitter.com/plans_de/status/1329713051994611713?s=20;;;https://www.lemonde.fr/economie/article/2020/11/18/le-fabricant-de-tubes-en-acier-vallourec-annonce-la-suppression-d-un-millier-de-postes-dont-350-en-france_6060261_3234.html;;
135;régis;KaliStrut;Saint-Vallier;Drôme;52;https://twitter.com/plans_de/status/1329713611279904769?s=20;;;https://www.francebleu.fr/infos/economie-social/52-licenciements-annonces-par-kalistrud-signe-d-un-secteur-aeronautique-qui-souffre-1605815436;;
136;régis;Mécaprec;;;9;https://twitter.com/plans_de/status/1329713909612376064?s=20;;;https://www.ladepeche.fr/2020/11/19/mecaprec-neuf-licenciements-economiques-9208490.php;;
137;régis;Camelin;Besançon;;8;https://twitter.com/plans_de/status/1329714264328843264?s=20;;;https://www.macommune.info/plan-de-licenciements-a-lentreprise-camelin-a-besancon-un-appel-a-la-greve-vendredi-20-octobre/;;
138;régis;Vitry habitat;Vitry-le-François;;27;https://twitter.com/plans_de/status/1329714941805387786?s=20;;;https://abonne.lest-eclair.fr/id208108/article/2020-11-18/les-faits;;
139;régis;Danone;;;400;https://twitter.com/plans_de/status/1330796825855594497?s=20;;;https://www.7sur7.be/economie/danone-va-proceder-a-des-licenciements-massifs~a57aee6e/?referrer=https%3A%2F%2Fwww.google.com%2F;;
140;régis;Permaswage;Les Clayes-sous-Bois;;73;https://twitter.com/plans_de/status/1330799390873841665?s=20;;;https://actu.fr/ile-de-france/les-clayes-sous-bois_78165/yvelines-les-clayes-sous-bois-les-negociations-autour-du-plan-social-debutent-chez-permaswage_37641684.html;;
141;régis;Sud Ouest Etalages;;;36;https://twitter.com/plans_de/status/1330801142767505409?s=20;;;https://www.francebleu.fr/infos/economie-social/correze-les-salaries-de-sud-ouest-etalages-en-greve-illimitee-contre-un-plan-social-1605948119;;
142;régis;IBM;;;1 400;https://twitter.com/plans_de/status/1331221014320177152?s=20;;;https://www.lemondeinformatique.fr/actualites/lire-ibm-france-amorce-un-plan-social-d-une-ampleur-inedite-81111.html;;
143;anton;Easyflyer;Orléans;Loiret;35;https://twitter.com/plans_de/status/1331729165939302401;https://twitter.com/plans_de/status/1331729431854018563;;https://www.larep.fr/orleans-45000/actualites/easyflyer-devrait-arreter-d-imprimer-a-orleans_13883906/#refresh;;
144;anton;Fonderie fonte;Ingrandes;Vienne;300;https://twitter.com/plans_de/status/1331744365191041024;https://twitter.com/plans_de/status/1331744848576131073;https://twitter.com/plans_de/status/1361734858633080840;https://www.lanouvellerepublique.fr/vienne/video-fonderie-fonte-a-ingrandes-un-plan-de-licenciement-annonce-et-300-emplois-menaces;https://www.lanouvellerepublique.fr/chatellerault/chatellerault-les-salaries-de-la-fonderie-fonte-menacent-de-bloquer-l-usine;
145;régis;ingéliance;le havre;;32;https://twitter.com/plans_de/status/1331919473255854083?s=20;;;https://actu.fr/normandie/le-havre_76351/menace-de-licenciements-chez-ingeliance-au-havre-il-n-y-a-rien-d-autre_37702305.html;;
146;régis;Howmet;Montbrison;Loire;9;https://twitter.com/plans_de/status/1331920142427713536?s=20;;;https://www.leprogres.fr/economie/2020/11/26/montbrison-l-industriel-howmet-prepare-des-licenciements-economiques;;
147;régis;Académie de Lyon;;;26;https://twitter.com/plans_de/status/1331920894277595137?s=20;;;https://www.leprogres.fr/education/2020/11/26/aide-aux-eleves-handicapes-une-reforme-huit-licenciements;;
148;régis;Sandvik;Orléans;;81;https://twitter.com/plans_de/status/1331923568767197187?s=20;;;https://www.francebleu.fr/infos/economie-social/plan-social-a-sandvik-orleans-vit-ca-comme-un-coup-de-poignard-dans-le-dos-1606302793;;
149;régis;Air Liquide (soins à domicile);;;105;https://twitter.com/plans_de/status/1331924988337795072?s=20;;;https://fnic-cgt.fr/publication/mutualisons-se-traduit-par-on-fait-du-pognon-les-mots-caches-de-la-direction-air-liquide;;
150;régis;Air Liquide (vitry);;;35;https://twitter.com/plans_de/status/1331928763215568898?s=20;;;http://cgtairliquide.reference-syndicale.fr/files/2020/11/COMMUNIQUE-DE-PRESSE-CGT-PSE-24112020.pdf;;
151;anton;LMT-Belin;Lavancia;Jura;80;https://twitter.com/plans_de/status/1332093205366628360;https://twitter.com/plans_de/status/1332094896103170052;;https://www.leprogres.fr/social/2020/10/02/lmt-belin-ferme-bientot-80-emplois-en-moins-dans-le-haut-jura;;
152;anton;Schlumberger;;;400;https://twitter.com/plans_de/status/1332097689190883328;;;https://www.20minutes.fr/economie/2917139-20201125-groupe-services-petroliers-schlumberger-supprime-400-postes-france;;
153;anton;Creuzet Aéronautique;Lot et Garonne;;197;https://twitter.com/plans_de/status/1332099620571377667;https://twitter.com/plans_de/status/1332101302948605952;;https://actu.fr/nouvelle-aquitaine/marmande_47157/lot-et-garonne-150-salaries-de-creuzet-aeronautique-se-rassemblent-contre-le-plan-de-sauvegarde-de-l-emploi_37710665.html;;
154;régis;axeréal;;;220;https://twitter.com/plans_de/status/1332249900709535744?s=20;;;https://www.reussir.fr/lesmarches/plan-social-axereal-annonce-plus-de-200-suppressions-de-postes;;
155;régis;Mars;;;216;https://twitter.com/plans_de/status/1332250238405505024?s=20;;;https://www.reussir.fr/lesmarches/le-confiseur-mars-annonce-216-suppressions-de-postes;;
156;anton;Amphenol Air LB;Carignan;Ardennes;8;https://twitter.com/plans_de/status/1332811472028753926;https://twitter.com/plans_de/status/1332811793438216194;;https://www.lardennais.fr/id210566/article/2020-11-27/carignan-un-plan-de-licenciement-de-8-emplois-amphenol-air-lb;;
157;régis;bénéteau;;;1 390;https://twitter.com/plans_de/status/1333748956799639554?s=20;;;https://www.lemonde.fr/economie/article/2020/09/10/beneteau-reduit-ses-effectifs-pour-passer-la-crise-liee-au-coronavirus_6051652_3234.html;;
158;anton;Disneyland;Chessy;Seine et Marne;1 000;https://twitter.com/plans_de/status/1333825510288338948;;;https://actu.fr/ile-de-france/chessy_77111/disneyland-paris-departs-volontaires-combien-d-emplois-pourraient-etre-concernes_37804697.html;;
159;anton;Cauquil;Mondouzil;Haute-Garonne;34;https://twitter.com/plans_de/status/1333827015208820738;;;https://www.ladepeche.fr/2020/12/01/plan-de-licenciements-les-salaries-de-cauquil-en-greve-9230452.php;;
160;régis;Guillemet;Argenton-sur-creuse;;29; https://twitter.com/plans_de/status/1334118685695483909?s=20;;;https://www.lanouvellerepublique.fr/indre/commune/argenton-sur-creuse/argenton-29-licenciements-aux-transports-guillemet;;
161;popu;Grid;;;;https://twitter.com/plans_de/status/1334155061430202369?s=20;;;https://actu.fr/societe/villeurbanne-les-salaries-de-general-electric-demande-a-l-etat-d-intervenir-sans-succes_37827141.html;;
162;régis;Cerinnov;Limoges;;13;https://twitter.com/plans_de/status/1334421175628419073?s=20;;;https://france3-regions.francetvinfo.fr/nouvelle-aquitaine/haute-vienne/limoges/covid-licenciements-annonces-cerinnov-limoges-1901102.html;;
163;régis;Merck;;;50;https://twitter.com/plans_de/status/1334421592303136770?s=20;;;https://www.ledauphine.com/economie/2020/12/02/l-entreprise-pharmaceutique-merck-prevoit-de-licencier;;
164;régis;Latelec;Labège;;160;https://twitter.com/plans_de/status/1334421935049101312?s=20;;;https://www.francebleu.fr/infos/economie-social/aeronautique-les-salaries-de-latelec-en-greve-contre-la-fermeture-de-leur-usine-a-labege-pres-de-1606920701;;
165;popu;Comexposium;;;135;https://twitter.com/plans_de/status/1334587322638225408?s=20;;;https://www.lesechos.fr/industrie-services/services-conseils/les-poids-lourds-de-levenementiel-craignent-que-paris-ne-perde-son-leadership-1270306;;
166;régis;Borgwarner;Tulle;;368;https://twitter.com/plans_de/status/1335706956569456643?s=20;;;https://france3-regions.francetvinfo.fr/nouvelle-aquitaine/correze/tulle/borgwarner-tulle-nouveau-coup-massue-salaries-1902418.html;;
167;anton;OI-France;Reims;Marne;18;https://twitter.com/plans_de/status/1336278573645262848;;;https://www.lunion.fr/id213500/article/2020-12-07/reims-des-suppressions-de-postes-annoncees-la-verrerie-o-i;;
168;anton;Spherea Test & Services;Toulouse;Haute Garonne;96;https://twitter.com/plans_de/status/1336279949213364226;;;https://www.lemonde.fr/economie/article/2020/12/07/a-toulouse-les-salaries-de-spherea-test-amp-services-se-mobilisent-contre-un-pse-injuste_6062512_3234.html;;
169;régis;Hansaton;Sarreguemines;Moselle;14;https://twitter.com/plans_de/status/1336320735560667140?s=20;;;https://www.francebleu.fr/infos/economie-social/sarreguemines-14-emplois-supprimes-chez-hansaton-mais-des-colis-de-noel-pour-feliciter-les-salaries-1607361702;;
170;régis;HSBC;;;557;https://twitter.com/plans_de/status/1336321072233205760?s=20;;;https://defense-92.fr/economie/hsbc-veut-supprimer-557-postes-en-france-67167;;
171;régis;OI-France;Vayres;;13;https://twitter.com/plans_de/status/1336323276037996547?s=20;;;https://www.sudouest.fr/2020/12/07/gironde-30-emplois-menaces-a-l-usine-de-verrerie-oi-france-de-vayres-8162644-2966.php;;
172;régis;GRISS;Armentières;;80;https://twitter.com/plans_de/status/1337039221668933638?s=20;;;https://www.lefigaro.fr/flash-eco/armentieres-les-salaries-de-griss-manifestent-contre-un-plan-social-20201209;;
173;régis;Aubert & Duval;;;462;https://twitter.com/plans_de/status/1337039880363372550?s=20;;;https://www.francebleu.fr/infos/economie-social/aubert-duval-issoire-1607529753;;
174;régis;ADP;;;1 150;https://twitter.com/plans_de/status/1337040323080548359?s=20;;;https://www.lesechos.fr/industrie-services/tourisme-transport/feu-vert-aux-departs-volontaires-chez-adp-1272542;;
175;popu;GE Steam Power;Belfort;Franche-comté;240;https://twitter.com/plans_de/status/1337159417947680768?s=20;;;https://www.estrepublicain.fr/economie/2020/12/04/240-emplois-supprimes-chez-ge-steam-power-c-est-confirme;;
176;popu;Liberty Fonte Poitou;Ingrandes-sur-Vienne;poitou;292;https://twitter.com/plans_de/status/1337164000560340992?s=20;;;https://www.francebleu.fr/infos/economie-social/plan-social-confirme-a-la-fonderie-fonte-arret-de-l-activite-a-l-ete-2021-1607357713;;
177;anton;Crouzet;Ales;Gard;69;https://twitter.com/plans_de/status/1337516766084423683;;;https://www.usinenouvelle.com/article/crouzet-devrait-fermer-en-2022-son-site-d-ales.N1038919;;
178;anton;Maxam Tan;Mazingarbe;Pas de Calais;75;https://twitter.com/plans_de/status/1337845195136770051;;;https://www.lavoixdunord.fr/906778/article/2020-12-12/menaces-de-licenciement-les-salaries-de-maxam-tan-mazingarbe-crient-leur-colere;;
179;anton;Visual Transdev;Vitry sur Seine;Val de Marne;63;https://twitter.com/plans_de/status/1338566453390405633;;;https://www.tourmag.com/Visual-Transdev-63-emplois-sur-la-sellette-vers-l-arret-de-l-activite_a106438.html;;
180;anton;Renault Trucks;Bourg en Bresse;Ain;290;https://twitter.com/plans_de/status/1338897919148224512;;;https://www.ledauphine.com/economie/2020/12/15/290-suppressions-de-postes-a-renault-trucks;;
181;anton;Autoliv France;Gournay en Bray;Seine Maritime;48;https://twitter.com/plans_de/status/1338901332045017092;;;https://www.paris-normandie.fr/id148797/article/2020-12-15/autoliv-france-gournay-en-bray-lintersyndicale-refuse-de-signer-laccord;;
182;regis;integra;Sophia antipolis;alpes maritimes;102;https://twitter.com/plans_de/status/1339134304606150657?s=20;;;https://www.francebleu.fr/infos/societe/les-salaries-d-integra-neurosciences-implants-a-biot-craignent-102-licenciement-1607958036;;
183;regis;SNCF;france;;7 000;https://twitter.com/plans_de/status/1340660806179012608?s=20;;;https://www.courrier-picard.fr/id149713/article/2020-12-18/la-sncf-7000-emplois-supprimes-en-trois-ans-les-syndicats-inquiets;;
184;regis;Peters Surgical;Bobigny;;60;https://twitter.com/plans_de/status/1340661272581423104?s=20;;;https://www.francebleu.fr/infos/economie-social/bobigny-27-salaries-de-peters-surgical-contestent-leur-licenciement-aux-prud-hommes-1608301828;;
185;regis;U-Shin;Nevers;;200;https://twitter.com/plans_de/status/1340661662353936384?s=20;;;https://www.lejdc.fr/nevers-58000/actualites/un-seisme-social-a-craindre-a-nevers-avec-l-annonce-d-un-plan-de-licenciements-massifs-a-u-shin_13893130/;;
186;regis;HMY;Monéteau;;26;https://twitter.com/plans_de/status/1340662064734466048?s=20;;;https://www.francebleu.fr/infos/economie-social/manifestation-salaries-licencies-hermes-metal-siege-moneteau-1608203326;;
187;regis;John Deere;;;45;https://twitter.com/plans_de/status/1340662696870621184?s=20;;;https://www.larep.fr/saran-45770/actualites/un-plan-de-sauvegarde-de-l-emploi-en-cours-chez-john-deere-france-dont-le-siege-est-implante-a-fleury-les-aubrais_13892396/#refresh;;
188;regis;SPB;;;119;https://twitter.com/plans_de/status/1340663165886074881?s=20;;;https://www.ouest-france.fr/normandie/alencon-61000/normandie-vague-de-licenciements-chez-spb-8-postes-seront-maintenus-en-teletravail-7090210;;
189;regis;Almerys;Clermont-Ferrand;;47;https://twitter.com/plans_de/status/1340663814166069248?s=20;;;https://www.lamontagne.fr/clermont-ferrand-63000/actualites/almerys-supprime-47-des-167-emplois-de-son-siege-historique-a-clermont-ferrand_13892503/;;
190;anton;Saint Gobain Verre Solutions;Trélazé;Maine et Loire;49;https://twitter.com/plans_de/status/1342835578732220416;;;https://www.ouest-france.fr/pays-de-la-loire/angers-49000/pres-d-angers-trelaze-un-rassemblement-contre-un-plan-social-chez-saint-gobain-verre-solutions-7095896;;
191;anton;Radiall;Chateau-Renault;Indre et Loire;46;https://twitter.com/plans_de/status/1342841887489732608;;;https://www.lanouvellerepublique.fr/indre-et-loire/commune/chateau-renault/un-plan-de-sauvegarde-de-l-emploi-annonce-aux-salaries-de-radiall-a-chateau-renault;;
192;anton;Autogrill;France;;117;https://twitter.com/plans_de/status/1342843946548998150;;;https://www.force-ouvriere.fr/autogrill-pour-fo-la-bataille-pour-les-emplois-ne-fait-que;;
193;anton;Delpierre;Wisches;Bas-Rhin;83;https://twitter.com/plans_de/status/1342845699449356288;;;https://www.dna.fr/economie/2020/12/22/delpierre-le-processus-de-pse-va-etre-relance-le-travail-a-repris;;
194;anton;Itab;Romorantin;Loir-et-Cher;42;https://twitter.com/plans_de/status/1342847295151345667;;;https://www.lanouvellerepublique.fr/romorantin/on-sentait-venir-ce-plan-social;;
195;anton;Flybus;Roissy-en-France;Val d'Oise;22;https://twitter.com/plans_de/status/1342850114151460867;;;https://www.notretemps.com/retraite/covid-les-syndicats-de-flybus-afp-202012,i234334;;
196;anton;Gifrer;Décines-Charpieu;Rhône;125;https://twitter.com/plans_de/status/1342852687818317831?s=20;;;https://www.lavoixdunord.fr/913867/article/2020-12-28/flines-lez-raches-les-salaries-de-sogem-industrie-vont-faire-appel-du-jugement;;
197;popu;Sogem Industrie;Flines-lez-Râches;Nord;17;https://twitter.com/plans_de/status/1343629061063659520?s=20;;;https://www.lavoixdunord.fr/912452/article/2020-12-23/lapeyre-la-cgt-craint-jusqu-933-suppressions-d-emplois-d-ici-2023;;
198;popu;Lapeyre;;Nord;933;https://twitter.com/plans_de/status/1343629331533324292?s=20;;;https://www.lavoixdunord.fr/912452/article/2020-12-23/lapeyre-la-cgt-craint-jusqu-933-suppressions-d-emplois-d-ici-2023;;
199;régis;Barrière;;;70;https://twitter.com/plans_de/status/1344374519620886533?s=20;;;https://www.leparisien.fr/economie/casinos-le-groupe-barriere-va-licencier-environ-70-salaries-29-12-2020-8416518.php;;
200;régis;Michelin;;;2 300;https://twitter.com/plans_de/status/1346736841907646465?s=20;;;https://www.lefigaro.fr/economie/michelin-va-supprimer-2300-postes-en-france-20210106?utm_source=app&utm_medium=sms&utm_campaign=fr.playsoft.lefigarov3;;
201;régis;Stal;Romorantin;Nord;7;https://twitter.com/plans_de/status/1347137046150844417?s=20;;;https://www.lefigaro.fr/economie/michelin-va-supprimer-2300-postes-en-france-20210106?utm_source=app&utm_medium=sms&utm_campaign=fr.playsoft.lefigarov3;;
202;anton;Oméga Systemes Atlantique;Saint Philibert de Grandlieu;Loire Atlantique;29;https://twitter.com/plans_de/status/1347233511623766020;;;https://www.ouest-france.fr/pays-de-la-loire/saint-philbert-de-grand-lieu-44310/saint-philbert-de-grandlieu-greve-pour-sauver-29-emplois-chez-omega-systemes-atlantique-7108723;;
203;anton;Conduent;Roubaix;Pas de Calais;304;https://twitter.com/plans_de/status/1347236746711494668;;;https://www.lavoixdunord.fr/916481/article/2021-01-05/roubaix-la-validation-du-plan-social-chez-conduent-attaquee-devant-la-justice;;
204;anton;Papeterie de Bègles;Bègles;Gironde;92;https://twitter.com/plans_de/status/1347912598034001924;;;https://www.sudouest.fr/2021/01/09/ca-devient-complique-de-continuer-8268189-2760.php;;
205;anton;National Tours;Rennes;Ille-et-Vilaine;20;https://twitter.com/plans_de/status/1347919560205348864;;;https://www.tourmag.com/National-Tours-va-licencier-75-de-ses-effectifs-a-Rennes_a106684.html;;
206;anton;Girondins de Bordeaux;Bordeaux;Gironde;26;https://twitter.com/plans_de/status/1347920534437294082;;;http://www.actufoot.com/national/les-girondins-de-bordeaux-vont-engager-une-procedure-massive-de-licenciement;;
207;anton;Galeries Lafayette;;;189;https://twitter.com/plans_de/status/1349109148852563969;;;https://www.macommune.info/galeries-lafayette-189-emplois-menaces-par-un-plan-de-departs/;;
208;anton;GBT France;;;148;https://twitter.com/plans_de/status/1349434364510220288;;;https://www.deplacementspros.com/mobility-management/gbt-france-les-negociations-du-plan-social-se-poursuivent;;
209;Popu;Matines;Montdidier;Sommes;48;https://twitter.com/plans_de/status/1349493799618289677?s=20;;;https://france3-regions.francetvinfo.fr/hauts-de-france/somme/usine-matines-montdidier-somme-va-fermer-mars-1913134.html;;
210;régis;Sumpar;Boos;;48;https://twitter.com/plans_de/status/1349627264166723592?s=20;;;https://www.paris-normandie.fr/id156073/article/2021-01-13/sumpar-48-licenciements-boos-pour-le-sous-traitant-de-laeronautique;;
211;régis;Tornier;Montbonnot-Saint-Martin;;158;https://twitter.com/plans_de/status/1349628605022810112?s=20;;;https://www.francebleu.fr/infos/economie-social/montbonnot-158-emplois-menaces-chez-tournier-leader-mondial-de-la-prothese-orthopedique-d-epaule-1610535919;;
212;régis;Hotels Parisiens;Paris;;742;https://twitter.com/plans_de/status/1349631073546870784?s=20;;;https://www.leparisien.fr/paris-75/une-vague-de-licenciements-sans-precedent-dans-les-grands-hotels-parisiens-10-01-2021-8418225.php;;
213;anton;France Distribution Gestion;Coulaines;Sarthes;10;https://twitter.com/plans_de/status/1350830982136524801;;;https://www.ouest-france.fr/pays-de-la-loire/coulaines-72190/coulaines-fermeture-de-l-entrepot-france-distribution-gestion-dix-suppressions-d-emplois-bb8536f2-575b-11eb-a3ed-02096df414a4;;
214;anton;SKF;Avallon;Yonne;141;https://twitter.com/plans_de/status/1350835075768872960;;;https://www.lyonne.fr/avallon-89200/actualites/a-avallon-le-patron-de-skf-france-veut-prendre-le-temps-qu-il-faut-pour-arriver-a-une-conclusion-qui-soit-la-meilleure_13903460/;;
215;anton;Corsair;Orly;Val de Marne;126;https://twitter.com/plans_de/status/1350838752088883203;;;https://www.tourmag.com/Corsair-plus-d-une-centaine-de-postes-concernes-par-le-PSE_a106774.html;;
216;anton;Kuoni;France;;60;https://twitter.com/plans_de/status/1350841179596861447;;;https://www.tourmag.com/Kuoni-le-PSE-concernera-environ-25-de-notre-effectif-soit-60-salaries--selon-Emmanuel-Foiry_a106760.html;;
217;régis;ieer;;;100;https://twitter.com/plans_de/status/1352595046164557824?s=20;;;https://www.lacommere43.fr/monistrol-et-environs/item/36193-sainte-sigolene-vers-une-fermeture-de-l-entreprise-harmony-jouet.html;;
218;régis;Rassemblement National;;;10;https://twitter.com/plans_de/status/1352595599376470017?s=20;;;https://www.lefigaro.fr/politique/en-difficulte-financiere-le-rn-procede-a-des-licenciements-economiques-20210120;;j'ai un peu trollé 
219;anton;Addup;France;;63;https://twitter.com/plans_de/status/1352643038821150729;;;https://www.lamontagne.fr/cebazat-63118/actualites/activite-ralentie-et-plan-social-chez-addup-a-cebazat-puy-de-dome_13905833/;;
220;anton;FedEx;France;;279;https://twitter.com/plans_de/status/1352990682588327936;;;https://www.laprovence.com/actu/en-direct/6242852/fedex-jusqua-279-postes-supprimes-en-france-dans-le-cadre-dun-pse.html;;
221;anton;SM Caen;Caen;;20;https://twitter.com/plans_de/status/1354144921066860545;;;https://maligue2.fr/2021/01/26/caen-arnaud-tanguy-sur-le-pse-il-sagit-de-readapter-le-club-a-la-ligue-2/;;
222;régis;parti socialiste;;;11;https://twitter.com/plans_de/status/1354348817630507008?s=20;;;https://www.lemonde.fr/politique/article/2021/01/26/le-parti-socialiste-procede-a-un-nouveau-plan-social_6067701_823448.html;;
223;régis;blablabus;;;15;https://twitter.com/plans_de/status/1354349803933741058?s=20;;;CP des salariés;;
224;régis;Colas;Fort de France;martinique;28;https://twitter.com/plans_de/status/1354699599487901698?s=20;;;https://www.martinique.franceantilles.fr/actualite/social/les-salaries-de-colas-s-opposent-au-plan-social-570169.php;;
225;régis;Flunch;;France;1 300;https://twitter.com/plans_de/status/1354700079928664067?s=20;;;https://www.20minutes.fr/economie/2963131-20210127-lille-flunch-demande-ouverture-procedure-sauvegarde;;
226;régis;Eclor-Boissons;Livarot;Calvados;27;https://twitter.com/plans_de/status/1355125025960030209?s=20;;;https://www.ouest-france.fr/normandie/livarot-pays-dauge-14140/contre-les-licenciements-les-salaries-de-la-cidrerie-de-livarot-debrayent-7134502;;
227;régis;Circet;La réunion;;45;https://twitter.com/plans_de/status/1356882041204277248?s=20;;;https://la1ere.francetvinfo.fr/reunion/possession/manifestation-a-la-possession-les-emplois-de-plus-de-la-moitie-des-salaries-de-la-circet-sont-menaces-922801.html;;
228;régis;Nimrod;Nouic;Haute-Vienne;19;https://twitter.com/plans_de/status/1356883650558779392?s=20;;;https://www.lepopulaire.fr/nouic-87330/actualites/a-nouic-et-bellac-en-haute-vienne-le-sous-traitant-nimrod-licencie-face-aux-difficultes-dans-le-secteur-aeronautique_13909099/;;
229;régis;Aérolyce;Bellab;Haute-Vienne;6;https://twitter.com/plans_de/status/1356884319344750592?s=20;;;https://www.lepopulaire.fr/nouic-87330/actualites/a-nouic-et-bellac-en-haute-vienne-le-sous-traitant-nimrod-licencie-face-aux-difficultes-dans-le-secteur-aeronautique_13909099/;;
230;anton;Lisi Medical;Neyron;Ain;30;https://twitter.com/plans_de/status/1356932593246228480;;;https://www.leprogres.fr/social/2021/02/02/plan-social-a-lisi-medical-les-salaries-font-greve;;
231;anton;L'Occitane;France;;60;https://twitter.com/plans_de/status/1356935570468057094;;;https://www.ledauphine.com/economie/2021/01/31/a-manosque-l-occitane-va-supprimer-54-emplois;;
232;anton;Sanofi;France;;364;https://twitter.com/plans_de/status/1356938554929201157;;;https://www.leparisien.fr/economie/sanofi-364-postes-supprimes-principalement-en-recherche-28-01-2021-8421784.php;;
233;anton;Exterion Media France;France;;99;https://twitter.com/plans_de/status/1356942117919145986;;;https://www.cbnews.fr/medias/image-exterionmedia-france-99-suppressions-postes-cadre-du-plan-ambition-2021-58205;;
234;anton;Nocibé;France;;347;https://twitter.com/plans_de/status/1358020463193169920;;;https://www.lsa-conso.fr/nocibe-va-fermer-62-magasins,371523;;
235;anton;Vacances Bleues;Chorges;Hautes Alpes;9;https://twitter.com/plans_de/status/1358477920562515987;;;https://www.ledauphine.com/economie/2021/02/07/les-six-infos-de-la-semaine-qu-il-ne-fallait-pas-manquer-dans-les-alpes-du-sud;;
236;anton;GL Events;France;;44;https://twitter.com/plans_de/status/1359585911831461895;;;https://www.humanite.fr/emploi-gl-events-orchestre-son-plan-de-licenciement-699978;;
237;anton;Makeen Energy;Buzancais;Indre;80;https://twitter.com/plans_de/status/1359586917453561856;;;https://www.alouette.fr/news/quel-futur-pour-les-80-salaries-de-makeen-energy-a-buzancais-10478;;
238;anton;Euronews;Lyon;Rhône;40;https://twitter.com/plans_de/status/1359588380066078722;;;https://france3-regions.francetvinfo.fr/auvergne-rhone-alpes/rhone/lyon/lyon-des-salaries-de-la-chaine-europeenne-euronews-sont-en-greve-de-24-heures-1948630.html;;
239;anton;Tornier;Montbonnet;Isère;150;https://twitter.com/plans_de/status/1359589276355330048;;;https://www.francebleu.fr/infos/economie-social/pse-greve-illimitee-chez-tornier-a-monbonnot-le-numero-1-mondial-de-la-prothese-d-epaule-1612865999;;
240;anton;Inditex Zara;France;;72;https://twitter.com/plans_de/status/1359590622626209794;;;https://www.lefigaro.fr/flash-eco/inditex-zara-france-72-salaries-pourraient-quitter-l-entreprise-en-etant-remplaces-20210210;;
241;regis;Greif;Grand-Quevilly;;25;https://twitter.com/plans_de/status/1360199042412781568?s=20;;;https://www.paris-normandie.fr/id164677/article/2021-02-11/les-salaries-de-greif-au-grand-quevilly-en-greve-contre-un-plan-social;;
242;anton;Cora;France;;1 000;https://twitter.com/plans_de/status/1361389539881795594;;;https://www.gazettemoselle.fr/article/cora-mene-un-vaste-plan-de-licenciement;;
243;anton;Expedia;France;;280;https://twitter.com/plans_de/status/1361725643810103300;;;https://www.lechotouristique.com/article/pse-expedia-supprime-pres-de-300-postes-en-france;;
244;anton;Dielh Aviation;Colomiers;Haute Garonne;50;https://twitter.com/plans_de/status/1361726791682056194;;;https://www.ladepeche.fr/2021/02/16/dielh-aviation-50-des-postes-sont-menaces-9375840.php;;
245;regis;Gibert Joseph;Paris;Paris;71;https://twitter.com/plans_de/status/1361993862571560964?s=20;;;https://www.lemonde.fr/economie/article/2021/02/17/a-paris-gibert-joseph-s-apprete-a-licencier-massivement_6070210_3234.html;;
246;anton ;OI-France;Puy Guillaume;Puy de Dôme;30;https://twitter.com/plans_de/status/1362100567070359552;;https://twitter.com/plans_de/status/1362102130727870469;https://www.lamontagne.fr/puy-guillaume-63290/actualites/un-plan-de-sauvegarde-de-l-emploi-mis-en-place-a-la-verrerie-de-puy-guillaume-puy-de-dome_13881099/;https://www.lamontagne.fr/puy-guillaume-63290/actualites/un-pse-juge-incomprehensible-par-les-syndicats-de-la-verrerie-de-puy-guillaume-puy-de-dome-qui-proposent-une-alternative_13916476/#refresh;
247;anton;Total;Gargenville;Yvelines;29;https://twitter.com/plans_de/status/1362114663090180097;;;https://jnews-france.fr/yvelines-transformation-du-site-total-de-gargenville-70-des-emplois-vont-disparaitre;;
248;anton;Mariott Rive Gauche;Paris;;260;https://twitter.com/plans_de/status/1364314720099008512;;;https://www.lhotellerie-restauration.fr/journal/hotellerie/2021-02/le-marriott-rive-gauche-va-licencier-260-salaries.htm;;
249;anton;Aluminium Sabart;Tarason sur Ariège;Ariège;9;https://twitter.com/plans_de/status/1364317182461693957;;;https://www.ladepeche.fr/2021/02/22/neuf-emplois-un-tiers-de-leffectif-menaces-chez-aluminium-sabart-a-tarascon-sur-ariege-9388324.php;;
250;régis;Aéroport Bordeaux;Bordeaux;;55;https://twitter.com/plans_de/status/1364492885698220032?s=20;;;https://actu.fr/nouvelle-aquitaine/bordeaux_33063/bordeaux-13-des-employes-de-l-aeroport-vont-perdre-leur-travail-a-la-suite-d-un-plan-social_39708908.html;;
251;anton;AAA;Méaulte;Somme;88;https://twitter.com/plans_de/status/1364883536130490369;;;https://www.francebleu.fr/infos/economie-social/aeronautique-la-mobilite-des-salaries-d-albert-meaulte-touches-par-la-crise-est-une-solution-1614241925;;
252;regis;pizza pino;;;97;https://twitter.com/plans_de/status/1367559928513183746?s=20;;;https://www.bfmtv.com/paris/champs-elysees-un-rassemblement-syndical-lundi-devant-pizza-pino-menace-de-fermeture_AD-202102280221.html;;
253;regis;april;;;180;https://twitter.com/plans_de/status/1367560406491889667;;;https://www.argusdelassurance.com/les-distributeurs/courtiers/april-mon-assurance-chronique-d-un-plan-social.178879;;
254;regis;SFR;;;1 700;https://twitter.com/plans_de/status/1367748362162892807?s=20;;;https://www.francetvinfo.fr/economie/telecom/rachat-de-sfr/plan-social-loperateur-sfr-envisage-de-supprimer-1700-postes_4318749.html;;
255;regis;comptoir des cotonniers + princesse tam tam;;;285;https://twitter.com/plans_de/status/1367749294225321985?s=20;;;https://www.20minutes.fr/economie/2990719-20210304-habillement-plan-social-negociation-chez-comptoir-cotonniers-princesse-tam-tam;;
256;anton;FM Logistic;Savigny sur Clairis;Yonne;230;https://twitter.com/plans_de/status/1368537970278555649;;;https://www.larep.fr/courtenay-45320/actualites/aux-cotes-des-salaries-de-fm-logistic_13924165/;;
257;anton;Bosch;Rodez;Aveyron;750;https://twitter.com/plans_de/status/1368538552766726150;;;https://www.20minutes.fr/economie/2992471-20210306-rodez-premier-employeur-prive-aveyron-bosch-va-supprimer-750-emplois-1250;;
258;anton;Athos Aeronautique;Toulouse;Haute-Garonne;7;https://twitter.com/plans_de/status/1368541319057055744;;;https://www.force-ouvriere.fr/athos-aeronautique-encore-un-effort;;
259;anton;Dresser-Rand;Le Havre;Seine-Maritime;300;https://twitter.com/plans_de/status/1368543727615156241;;;https://www.paris-normandie.fr/id170586/article/2021-03-03/300-postes-menaces-au-havre-la-fin-du-pse-de-dresser-rand-approche-grands-pas;;
260;anton;Aciérie et Fonderie Haute Sambre;Berlaimont;Nord;8;https://twitter.com/plans_de/status/1370029173369049092;;;https://www.lobservateur.fr/avesnois/aulnoye-et-alentours/2021/03/11/berlaimont-huit-emplois-menaces-a-la-haute-sambre-la-cgt-se-mobilise/;;
261;anton;T-Systems;France;;44;https://twitter.com/plans_de/status/1370036993829314560;;;https://www.revolutionpermanente.fr/Aero-T-Systems-veut-fermer-le-site-de-Toulouse-les-salaries-repondent-par-la-greve;;
262;anton;FDG Group;France;;89;https://twitter.com/plans_de/status/1370466312934281221;;;https://www.lavoixdunord.fr/957065/article/2021-03-11/douai-les-salaries-manifestent-devant-l-entrepot-fdg-de-dorignies-condamne-la#;;
263;anton;20 Minutes;;;6;https://twitter.com/plans_de/status/1370468074068000770;;;https://www.liberation.fr/economie/medias/motion-de-defiance-a-20-minutes-la-redaction-inquiete-pour-son-avenir-20210312_VTPO7GVFKZHM3LQGLGXNWJWPYU/;;
264;anton;ABB;Bagnères de Bigorre;Hautes Pyrénées;10;https://twitter.com/plans_de/status/1370469239186976771;;;https://www.ladepeche.fr/2021/03/12/un-plan-de-licenciement-foudroyant-chez-abb-9422524.php;;
265;anton;Possehl Electronics;Roche La Molière;Loire;28;https://twitter.com/plans_de/status/1370475430466228224;;;https://www.lejournaldesentreprises.com/auvergne-rhone-alpes/breve/possehl-electronics-va-fermer-son-site-de-roche-la-moliere-1115015;;
266;régis;SAM;Decazeville;Aveyron;200;https://twitter.com/plans_de/status/1373900361380081664?s=20;;;https://france3-regions.francetvinfo.fr/occitanie/aveyron/rodez/nouvelle-manifestation-de-soutien-pour-les-emplois-a-la-sam-a-viviez-en-aveyron-2009362.html;;
267;régis;Banque De France;;;600;https://twitter.com/plans_de/status/1373900701349347328?s=20;;;https://www.lemonde.fr/economie/article/2021/03/19/la-banque-de-france-prevoit-de-supprimer-600-emplois-d-ici-a-2024_6073809_3234.html;;
268;régis;But La Jaille;Dothémare;guadeloupe;10;https://twitter.com/plans_de/status/1373901623676825601?s=20;;;https://www.guadeloupe.franceantilles.fr/actualite/social/les-salaries-de-but-la-jaille-se-mobilisent-contre-le-projet-de-licenciement-economique-589372.php;;
269;;;;;;;;;;;
270;;;;;;;;;;;
271;;;;;;;;;;;
272;;;;;;;;;;;
273;;;;;;;;;;;
274;;;;;;;;;;;
275;;;;;;;;;;;
276;;;;;;;;;;;
277;;;;;;;;;;;
278;;;;;;;;;;;
279;;;;;;;;;;;
280;;;;;;;;;;;
281;;;;;;;;;;;
282;;;;;;;;;;;
283;;;;;;;;;;;
284;;;;;;;;;;;
285;;;;;;;;;;;
286;;;;;;;;;;;
287;;;;;;;;;;;
288;;;;;;;;;;;
289;;;;;;;;;;;
290;;;;;;;;;;;
291;;;;;;;;;;;
292;;;;;;;;;;;
293;;;;;;;;;;;
294;;;;;;;;;;;
295;;;;;;;;;;;
296;;;;;;;;;;;
297;;;;;;;;;;;
298;;;;;;;;;;;
299;;;;;;;;;;;
300;;;;;;;;;;;
301;;;;;;;;;;;
302;;;;;;;;;;;
303;;;;;;;;;;;
304;;;;;;;;;;;
305;;;;;;;;;;;
306;;;;;;;;;;;
307;;;;;;;;;;;
308;;;;;;;;;;;
309;;;;;;;;;;;
310;;;;;;;;;;;
311;;;;;;;;;;;
312;;;;;;;;;;;
313;;;;;;;;;;;
314;;;;;;;;;;;
315;;;;;;;;;;;
316;;;;;;;;;;;
317;;;;;;;;;;;
318;;;;;;;;;;;
319;;;;;;;;;;;
320;;;;;;;;;;;
321;;;;;;;;;;;
322;;;;;;;;;;;
323;;;;;;;;;;;
324;;;;;;;;;;;
325;;;;;;;;;;;
326;;;;;;;;;;;
327;;;;;;;;;;;
328;;;;;;;;;;;
329;;;;;;;;;;;
330;;;;;;;;;;;
331;;;;;;;;;;;
332;;;;;;;;;;;
333;;;;;;;;;;;
334;;;;;;;;;;;
335;;;;;;;;;;;
336;;;;;;;;;;;
337;;;;;;;;;;;
338;;;;;;;;;;;
339;;;;;;;;;;;
340;;;;;;;;;;;
341;;;;;;;;;;;
342;;;;;;;;;;;
